<VALAN><TYPEVAL LIBSILEX="Soldes Intermédiaires de gestion" TYPEVAL="SLDIG"><DON N0="0" N1="0" N2="0" N3="0" N4="0" N5="0" F="[Res-111]-([Immores-30]+[Immores-32])-([Immores-29]+[Immores-33])-([Res-174]+[Res-215]-[Res-216])">SLDIG_CAN</DON><DON N0="0" N1="0" N2="0" N3="0" N4="0" N5="0" F="[Res-111]">SLDIG_EBE</DON><DON N0="0" N1="0" N2="0" N3="0" N4="0" N5="0" F="([Immores-30]+[Immores-32])">SLDIG_AELMT</DON><DON N0="0" N1="0" N2="0" N3="0" N4="0" N5="0" F="([Immores-31]+[Immores-33])">SLDIG_AELCT</DON><DON N0="0" N1="0" N2="0" N3="0" N4="0" N5="0" F="([Immores-29]+[Immores-33])">SLDIG_FFCT</DON><DON N0="0" N1="0" N2="0" N3="0" N4="0" N5="0" F="([RES-174]+[RES-215]-[RES-216])">SLDIG_PP</DON><DON N0="0" N1="0" N2="0" N3="0" N4="0" N5="0" F="([RES-57]-[RES-56])">SLDIG_PB</DON><DON N0="0" N1="0" N2="0" N3="0" N4="0" N5="0" F="([RES-111]+[RES-109])+[RES-103]+[RES-104]-[RES-56]">SLDIG_VA</DON><DON N0="0" N1="0" N2="0" N3="0" N4="0" N5="0" F="[RES-56]">SLDIG_ASF</DON><DON N0="0" N1="0" N2="0" N3="0" N4="0" N5="0" F="[RES-121]">SLDIG_RC</DON><DON N0="0" N1="0" N2="0" N3="0" N4="0" N5="0" F="[RES-135]">SLDIG_RD</DON><DON N0="0" N1="0" N2="0" N3="0" N4="0" N5="0" F="[RES-145]">SLDIG_RP</DON></TYPEVAL><TYPEVAL LIBSILEX="Informations économiques" TYPEVAL="INFOECO"><DON N0="0" N1="0" N2="0" N3="0" N4="0" N5="0" F="[RES-156]">INFOECO_TxE</DON><DON N0="0" N1="0" N2="0" N3="0" N4="0" N5="0" F="[RES-148]">INFOECO_EBEsP</DON><DON N0="0" N1="0" N2="0" N3="0" N4="0" N5="0" F="[RES-152]">INFOECO_AnnSE</DON><DON N0="0" N1="0" N2="0" N3="0" N4="0" N5="0" F="[RESBIS-6]">INFOECO_FR</DON><DON N0="0" N1="0" N2="0" N3="0" N4="0" N5="0" F="[RESBIS-6]-[RES-232]">INFOECO_BFR</DON><DON N0="0" N1="0" N2="0" N3="0" N4="0" N5="0" F="[RES-232]">INFOECO_TN</DON></TYPEVAL><TYPEVAL LIBSILEX="Actif" TYPEVAL="ACTIF"><DON N0="0" N1="0" N2="0" N3="0" N4="0" N5="0" F="[RES-243]">ACTIF_AI</DON><DON N0="0" N1="0" N2="0" N3="0" N4="0" N5="0" F="[RES-235]">ACTIF_AIF</DON><DON N0="0" N1="0" N2="0" N3="0" N4="0" N5="0" F="[RES-238]">ACTIF_AIC</DON><DON N0="0" N1="0" N2="0" N3="0" N4="0" N5="0" F="[RES-239]">ACTIF_AIM</DON><DON N0="0" N1="0" N2="0" N3="0" N4="0" N5="0" F="[RES-242]">ACTIF_AIAni</DON><DON N0="0" N1="0" N2="0" N3="0" N4="0" N5="0" F="[RES-236]">ACTIF_AIV</DON><DON N0="0" N1="0" N2="0" N3="0" N4="0" N5="0" F="[RES-243]-([RES-235]+[RES-238]+[RES-239]+[RES-242]+[RES-236])">ACTIF_AIAutres</DON><DON N0="0" N1="0" N2="0" N3="0" N4="0" N5="0" F="[RES-254]">ACTIF_AC</DON><DON N0="0" N1="0" N2="0" N3="0" N4="0" N5="0" F="[RES-247]">ACTIF_ApM</DON><DON N0="0" N1="0" N2="0" N3="0" N4="0" N5="0" F="[RES-244]">ACTIF_SA</DON><DON N0="0" N1="0" N2="0" N3="0" N4="0" N5="0" F="[RES-246]">ACTIF_SV</DON><DON N0="0" N1="0" N2="0" N3="0" N4="0" N5="0" F="[RES-245]">ACTIF_ACSC</DON><DON N0="0" N1="0" N2="0" N3="0" N4="0" N5="0" F="[RES-251]">ACTIF_CpteA</DON><DON N0="0" N1="0" N2="0" N3="0" N4="0" N5="0" F="[RES-254]-([RES-247]+[RES-244]+[RES-246]+[RES-245]+[RES-251]+[RES-253])">ACTIF_CA</DON><DON N0="0" N1="0" N2="0" N3="0" N4="0" N5="0" F="[RES-253]">ACTIF_DB</DON><DON N0="0" N1="0" N2="0" N3="0" N4="0" N5="0" F="[RES-256]">ACTIF_TOT</DON></TYPEVAL><TYPEVAL LIBSILEX="PASSIF" TYPEVAL="PASSIF"><DON N0="0" N1="0" N2="0" N3="0" N4="0" N5="0" F="[RES-266]">PASSIF_CP</DON><DON N0="0" N1="0" N2="0" N3="0" N4="0" N5="0" F="[RES-259]+[RES-260]">PASSIF_DtCS</DON><DON N0="0" N1="0" N2="0" N3="0" N4="0" N5="0" F="[RES-264]">PASSIF_DtSub</DON><DON N0="0" N1="0" N2="0" N3="0" N4="0" N5="0" F="[RES-278]">PASSIF_Dettes</DON><DON N0="0" N1="0" N2="0" N3="0" N4="0" N5="0" F="[IMMORES-34]">PASSIF_EmpF</DON><DON N0="0" N1="0" N2="0" N3="0" N4="0" N5="0" F="[RES-269]-[IMMORES-34]">PASSIF_Ae</DON><DON N0="0" N1="0" N2="0" N3="0" N4="0" N5="0" F="[RES-271]+[RES-268]">PASSIF_CpteA</DON><DON N0="0" N1="0" N2="0" N3="0" N4="0" N5="0" F="[RES-272]">PASSIF_AutresDF</DON><DON N0="0" N1="0" N2="0" N3="0" N4="0" N5="0" F="[RES-273]+[RES-274]">PASSIF_AutresDD</DON><DON N0="0" N1="0" N2="0" N3="0" N4="0" N5="0" F="[RES-275]">PASSIF_DB</DON><DON N0="0" N1="0" N2="0" N3="0" N4="0" N5="0" F="[RES-280]">PASSIF_TOT</DON></TYPEVAL></VALAN>
